Workbook

Sheet Resumo
A1: Resumo da execução
A2: Acompanhamento automático dos casos e do backlog.
A3: Preencha Resultado da execução em Casos de teste e registre cada incongruência no Backlog.
A5: Indicador | B5: Valor
A6: Total de casos | B6: =COUNTA('Casos de teste'!$B$6:$B$205)
A7: Não iniciados | B7: =COUNTIF('Casos de teste'!$O$6:$O$205,"Não iniciado")
A8: Em execução | B8: =COUNTIF('Casos de teste'!$O$6:$O$205,"Em execução")
A9: Aprovados | B9: =COUNTIF('Casos de teste'!$O$6:$O$205,"Aprovado")
A10: Falharam | B10: =COUNTIF('Casos de teste'!$O$6:$O$205,"Falhou")
A11: Bloqueados | B11: =COUNTIF('Casos de teste'!$O$6:$O$205,"Bloqueado")
A12: Progresso | B12: =IF(B6=0,0,(B9+B10+B11)/B6)
A13: Backlog preenchido | B13: =COUNTA(Backlog!$A$6:$A$105)
A14: Backlog aberto | B14: =COUNTIFS(Backlog!$A$6:$A$105,"<>",Backlog!$N$6:$N$105,"<>Fechado",Backlog!$N$6:$N$105,"<>Descartado")
A16: Matriz de cobertura
A17: Dimensão | B17: UI / API | C17: Regras | D17: Dados / setup | E17: Sucesso | F17: Falha / retry | G17: Migração / compatibilidade | H17: Segurança
A20: Critério de aceite geral: Nenhum fluxo deve produzir alteração fora do escopo, atravessar tenants ou integrações, duplicar efeitos ou violar as invariantes do domínio.

Sheet Guia de execução
A1: Guia de execução
A2: Como executar o roteiro, preservar o baseline e produzir evidências úteis.
A3: Use somente ambiente local, sandbox ou homologação. Descubra dados reais antes de preencher os casos.
A5: Seção | B5: Item | C5: Orientação | D5: Link / valor | E5: Obrigatório? | F5: Resultado esperado
A6: Ambiente | B6: Sandbox / ambiente local | C6: Confirme tenant, integrações, URLs e credenciais de teste antes de executar casos mutáveis. | D6: A preencher | E6: Sim | F6: Ambiente de teste acessível e isolado.
A7: Ordem | B7: 1. Baseline | C7: Execute as consultas de baseline e preserve as contagens e invariantes iniciais. | D7: Consulta a definir quando aplicável | E7: Sim | F7: Estado inicial verificável.
A8: Ordem | B8: 2. Somente leitura | C8: Execute primeiro os cenários que não alteram o banco nem serviços externos. | D8: Casos de teste | E8: Sim | F8: Nenhuma alteração de estado.
A9: Ordem | B9: 3. Casos mutáveis | C9: Agrupe por integração e registre IDs e timestamps antes de cada bloco. | D9: Casos de teste | E9: Quando aplicável | F9: Mudanças limitadas às entidades esperadas.
A10: Ordem | B10: 4. Fechamento | C10: Repita invariantes globais e confira efeitos cruzados, filas, retries e duplicidade. | D10: Consultas SQL | E10: Sim | F10: Regressão e isolamento confirmados.
A11: Evidência | B11: Interface | C11: Guarde screenshot sanitizado com ambiente, entidade, status e horário identificáveis. | D11: Referência externa | E11: Quando houver UI | F11: Evidência reproduzível sem dado sensível.
A12: Evidência | B12: API / webhook | C12: Registre método, rota, status HTTP, timestamp e identificador mascarado; nunca registre segredo. | D12: Referência externa | E12: Quando houver API | F12: Resposta, replay e idempotência verificáveis.
A13: Evidência | B13: Banco | C13: Confronte a consulta somente leitura antes e depois e registre apenas o resultado necessário. | D13: Consultas SQL | E13: Em caso mutável | F13: Mudança limitada ao esperado.
A14: Backlog | B14: Quando criar | C14: Crie uma linha para Falhou, Bloqueado, divergência de dados ou efeito colateral. | D14: Ação backlog | E14: Sim | F14: Incongruência relacionada ao teste de origem.

Sheet Casos de teste
A1: Plano manual — desenvolvimento
A2: Roteiro executável para confrontar comportamento, persistência e regressão.
A3: Use somente ambiente local, sandbox ou homologação. Descubra dados reais antes de preencher os casos.
A5: Ordem | B5: ID | C5: Prioridade | D5: Área | E5: Integração | F5: Unidade | G5: Canal / tela | H5: Família / dados | I5: Pré-condição | J5: Passos manuais | K5: Esperado na interface / API | L5: Esperado no banco | M5: SQL IDs | N5: Evidência a anexar | O5: Resultado da execução | P5: Resultado observado | Q5: Data | R5: Executor | S5: Ação backlog | T5: ID backlog
S6: =IF(OR(O6="Falhou",O6="Bloqueado"),"Criar item","")
S7: =IF(OR(O7="Falhou",O7="Bloqueado"),"Criar item","")
S8: =IF(OR(O8="Falhou",O8="Bloqueado"),"Criar item","")
S9: =IF(OR(O9="Falhou",O9="Bloqueado"),"Criar item","")
S10: =IF(OR(O10="Falhou",O10="Bloqueado"),"Criar item","")
S11: =IF(OR(O11="Falhou",O11="Bloqueado"),"Criar item","")
S12: =IF(OR(O12="Falhou",O12="Bloqueado"),"Criar item","")
S13: =IF(OR(O13="Falhou",O13="Bloqueado"),"Criar item","")
S14: =IF(OR(O14="Falhou",O14="Bloqueado"),"Criar item","")
S15: =IF(OR(O15="Falhou",O15="Bloqueado"),"Criar item","")
S16: =IF(OR(O16="Falhou",O16="Bloqueado"),"Criar item","")
S17: =IF(OR(O17="Falhou",O17="Bloqueado"),"Criar item","")
... S205: =IF(OR(O205="Falhou",O205="Bloqueado"),"Criar item","")

Sheet Dados do ambiente
A1: Dados verificados do ambiente
A2: Fixtures escolhidas para maximizar a cobertura sem depender de dados inventados.
A3: Registre somente o mínimo necessário e reconfirme o estado antes de cada bloco mutável.
A5: Código | B5: Uso principal | C5: Unidade | D5: Integração | E5: Entidade principal | F5: Entidades relacionadas | G5: Estado inicial | H5: Estado esperado | I5: IDs úteis | J5: Link de entrada | K5: Fonte no banco | L5: Observações

Sheet Consultas SQL
A1: Consultas SQL de confronto
A2: Consultas somente leitura para verificar baseline, efeitos e regressão.
A3: Substitua placeholders pelos IDs da execução. Não inclua SQL destrutivo nem dados sensíveis.
A5: SQL ID | B5: Quando usar | C5: Objetivo | D5: Consulta somente leitura | E5: Esperado antes | F5: Esperado depois | G5: Cuidados

Sheet Backlog
A1: Backlog de incongruências
A2: Uma linha por comportamento independente; relacione sempre ao ID do teste.
A3: Não cole segredos, dados pessoais, números completos de cartão ou payloads integrais.
A5: ID backlog | B5: Teste origem | C5: Data | D5: Unidade | E5: Integração | F5: Severidade | G5: Tipo | H5: Resumo | I5: Esperado | J5: Observado | K5: Evidência / link | L5: SQL usado | M5: Responsável | N5: Status | O5: Issue / PR | P5: Reteste
